scrape_timestamp,origin,destination,advance_window_days,flight_date,airline,departure_time,arrival_time,duration,is_direct,total_fare_inr
2026-08-27T11:32:29.407157,DEL,BOM,30,2026-09-26,IndiGo,N/A,N/A,N/A,True,6425.0
2026-08-27T11:32:29.407185,DEL,BOM,30,2026-09-26,IndiGo,N/A,N/A,N/A,True,6425.0
2026-08-27T11:32:29.407192,DEL,BOM,30,2026-09-26,IndiGo,N/A,N/A,N/A,True,6425.0
2026-08-27T11:32:29.407198,DEL,BOM,30,2026-09-26,IndiGo,N/A,N/A,N/A,True,6425.0
2026-08-27T11:32:29.407201,DEL,BOM,30,2026-09-26,IndiGo,N/A,N/A,N/A,True,6425.0
2026-08-27T11:32:29.407204,DEL,BOM,30,2026-09-26,IndiGo,N/A,N/A,N/A,True,6425.0
2026-08-27T11:32:29.407206,DEL,BOM,30,2026-09-26,IndiGo,N/A,N/A,N/A,True,6425.0
2026-08-27T11:32:29.407209,DEL,BOM,30,2026-09-26,IndiGo,N/A,N/A,N/A,True,6425.0
2026-08-27T11:32:29.407211,DEL,BOM,30,2026-09-26,IndiGo,N/A,N/A,N/A,True,6425.0
2026-08-27T11:32:29.407214,DEL,BOM,30,2026-09-26,IndiGo,N/A,N/A,N/A,True,6425.0
2026-08-27T11:32:29.407217,DEL,BOM,30,2026-09-26,Air India,N/A,N/A,N/A,True,6582.0
2026-08-27T11:32:29.407219,DEL,BOM,30,2026-09-26,Air India,N/A,N/A,N/A,True,6582.0
2026-08-27T11:32:29.407222,DEL,BOM,30,2026-09-26,Air India,N/A,N/A,N/A,True,6582.0
2026-08-27T11:32:29.407224,DEL,BOM,30,2026-09-26,Air India,N/A,N/A,N/A,True,6582.0
2026-08-27T11:32:29.407227,DEL,BOM,30,2026-09-26,Air India,N/A,N/A,N/A,True,6582.0
2026-08-27T11:32:29.407229,DEL,BOM,30,2026-09-26,Air India,N/A,N/A,N/A,True,6582.0
2026-08-27T11:32:29.407232,DEL,BOM,30,2026-09-26,Air India,N/A,N/A,N/A,True,6582.0
2026-08-27T11:32:29.407235,DEL,BOM,30,2026-09-26,Air India,N/A,N/A,N/A,True,6582.0
2026-08-27T11:32:29.407237,DEL,BOM,30,2026-09-26,Air India,N/A,N/A,N/A,True,6582.0
2026-08-27T11:32:29.407240,DEL,BOM,30,2026-09-26,Air India,N/A,N/A,N/A,True,6582.0
2026-08-27T11:32:29.407242,DEL,BOM,30,2026-09-26,Air India,N/A,N/A,N/A,True,6582.0
2026-08-27T11:32:29.407245,DEL,BOM,30,2026-09-26,Air India,N/A,N/A,N/A,True,6582.0
2026-08-27T11:32:29.407247,DEL,BOM,30,2026-09-26,Air India,N/A,N/A,N/A,True,6582.0
2026-08-27T11:32:29.407250,DEL,BOM,30,2026-09-26,Air India,N/A,N/A,N/A,True,6582.0
2026-08-27T11:32:29.407252,DEL,BOM,30,2026-09-26,Air India,N/A,N/A,N/A,True,6582.0
2026-08-27T11:32:29.407255,DEL,BOM,30,2026-09-26,Air India,N/A,N/A,N/A,True,6582.0
2026-08-27T11:32:29.407258,DEL,BOM,30,2026-09-26,Air India,N/A,N/A,N/A,True,6582.0
2026-08-27T11:32:29.407260,DEL,BOM,30,2026-09-26,Air India,N/A,N/A,N/A,True,6582.0
2026-08-27T11:32:29.407263,DEL,BOM,30,2026-09-26,Air India,N/A,N/A,N/A,True,6582.0
2026-08-27T11:32:29.407265,DEL,BOM,30,2026-09-26,Air India,N/A,N/A,N/A,True,6582.0
2026-08-27T11:32:29.407268,DEL,BOM,30,2026-09-26,IndiGo,N/A,N/A,N/A,True,6583.0
2026-08-27T11:32:29.407270,DEL,BOM,30,2026-09-26,IndiGo,N/A,N/A,N/A,True,6583.0
2026-08-27T11:32:29.407273,DEL,BOM,30,2026-09-26,IndiGo,N/A,N/A,N/A,True,6583.0
2026-08-27T11:32:29.407275,DEL,BOM,30,2026-09-26,IndiGo,N/A,N/A,N/A,True,6583.0
2026-08-27T11:32:29.407278,DEL,BOM,30,2026-09-26,IndiGo,N/A,N/A,N/A,True,6583.0
2026-08-27T11:32:29.407280,DEL,BOM,30,2026-09-26,IndiGo,N/A,N/A,N/A,True,6583.0
2026-08-27T11:32:29.407283,DEL,BOM,30,2026-09-26,IndiGo,N/A,N/A,N/A,True,6583.0
2026-08-27T11:32:29.407285,DEL,BOM,30,2026-09-26,IndiGo,N/A,N/A,N/A,True,6583.0
2026-08-27T11:32:29.407288,DEL,BOM,30,2026-09-26,SpiceJet,N/A,N/A,N/A,True,6697.0
2026-08-27T11:32:29.407291,DEL,BOM,30,2026-09-26,SpiceJet,N/A,N/A,N/A,True,6697.0
2026-08-27T11:32:29.407293,DEL,BOM,30,2026-09-26,SpiceJet,N/A,N/A,N/A,True,6697.0
2026-08-27T11:32:29.407296,DEL,BOM,30,2026-09-26,Air India,N/A,N/A,N/A,True,6740.0
2026-08-27T11:32:29.407298,DEL,BOM,30,2026-09-26,Akasa Air,N/A,N/A,N/A,True,6880.0
2026-08-27T11:32:29.407301,DEL,BOM,30,2026-09-26,Akasa Air,N/A,N/A,N/A,True,6880.0
2026-08-27T11:32:29.407303,DEL,BOM,30,2026-09-26,Akasa Air,N/A,N/A,N/A,True,6880.0
2026-08-27T11:32:29.407306,DEL,BOM,30,2026-09-26,Akasa Air,N/A,N/A,N/A,True,6880.0
2026-08-27T11:32:29.407308,DEL,BOM,30,2026-09-26,Akasa Air,N/A,N/A,N/A,True,6880.0
2026-08-27T11:32:29.407311,DEL,BOM,30,2026-09-26,Akasa Air,N/A,N/A,N/A,True,6880.0
2026-08-27T11:32:29.407313,DEL,BOM,30,2026-09-26,Akasa Air,N/A,N/A,N/A,True,6880.0
2026-08-27T11:32:29.407316,DEL,BOM,30,2026-09-26,Akasa Air,N/A,N/A,N/A,True,6880.0
2026-08-27T11:32:29.407318,DEL,BOM,30,2026-09-26,Air India,N/A,N/A,N/A,True,6950.0
2026-08-27T11:32:29.407321,DEL,BOM,30,2026-09-26,Air India Express,N/A,N/A,N/A,True,6991.0
2026-08-27T11:32:29.407323,DEL,BOM,30,2026-09-26,IndiGo,N/A,N/A,N/A,True,7055.0
2026-08-27T11:32:33.491347,DEL,BOM,45,2026-10-11,IndiGo,N/A,N/A,N/A,True,6425.0
2026-08-27T11:32:33.491371,DEL,BOM,45,2026-10-11,IndiGo,N/A,N/A,N/A,True,6425.0
2026-08-27T11:32:33.491374,DEL,BOM,45,2026-10-11,IndiGo,N/A,N/A,N/A,True,6425.0
2026-08-27T11:32:33.491377,DEL,BOM,45,2026-10-11,Air India Express,N/A,N/A,N/A,True,6610.0
2026-08-27T11:32:33.491380,DEL,BOM,45,2026-10-11,Air India Express,N/A,N/A,N/A,True,6610.0
2026-08-27T11:32:33.491383,DEL,BOM,45,2026-10-11,Air India,N/A,N/A,N/A,True,6740.0
2026-08-27T11:32:33.491385,DEL,BOM,45,2026-10-11,Air India,N/A,N/A,N/A,True,6740.0
2026-08-27T11:32:33.491388,DEL,BOM,45,2026-10-11,Air India,N/A,N/A,N/A,True,6740.0
2026-08-27T11:32:33.491390,DEL,BOM,45,2026-10-11,Air India,N/A,N/A,N/A,True,6740.0
2026-08-27T11:32:33.491393,DEL,BOM,45,2026-10-11,Air India,N/A,N/A,N/A,True,6740.0
2026-08-27T11:32:33.491395,DEL,BOM,45,2026-10-11,Air India,N/A,N/A,N/A,True,6740.0
2026-08-27T11:32:33.491398,DEL,BOM,45,2026-10-11,Air India,N/A,N/A,N/A,True,6740.0
2026-08-27T11:32:33.491401,DEL,BOM,45,2026-10-11,Air India,N/A,N/A,N/A,True,6740.0
2026-08-27T11:32:33.491404,DEL,BOM,45,2026-10-11,SpiceJet,N/A,N/A,N/A,True,6778.0
2026-08-27T11:32:33.491406,DEL,BOM,45,2026-10-11,SpiceJet,N/A,N/A,N/A,True,6778.0
2026-08-27T11:32:33.491409,DEL,BOM,45,2026-10-11,SpiceJet,N/A,N/A,N/A,True,6778.0
2026-08-27T11:32:33.491412,DEL,BOM,45,2026-10-11,SpiceJet,N/A,N/A,N/A,True,6778.0
2026-08-27T11:32:33.491414,DEL,BOM,45,2026-10-11,IndiGo,N/A,N/A,N/A,True,6793.0
2026-08-27T11:32:33.491417,DEL,BOM,45,2026-10-11,IndiGo,N/A,N/A,N/A,True,6793.0
2026-08-27T11:32:33.491419,DEL,BOM,45,2026-10-11,IndiGo,N/A,N/A,N/A,True,6793.0
2026-08-27T11:32:33.491422,DEL,BOM,45,2026-10-11,IndiGo,N/A,N/A,N/A,True,6793.0
2026-08-27T11:32:33.491424,DEL,BOM,45,2026-10-11,IndiGo,N/A,N/A,N/A,True,6793.0
2026-08-27T11:32:33.491427,DEL,BOM,45,2026-10-11,IndiGo,N/A,N/A,N/A,True,6793.0
2026-08-27T11:32:33.491429,DEL,BOM,45,2026-10-11,Akasa Air,N/A,N/A,N/A,True,6880.0
2026-08-27T11:32:33.491432,DEL,BOM,45,2026-10-11,Akasa Air,N/A,N/A,N/A,True,6880.0
2026-08-27T11:32:33.491435,DEL,BOM,45,2026-10-11,Akasa Air,N/A,N/A,N/A,True,6880.0
2026-08-27T11:32:33.491437,DEL,BOM,45,2026-10-11,Akasa Air,N/A,N/A,N/A,True,6880.0
2026-08-27T11:32:33.491440,DEL,BOM,45,2026-10-11,Air India,N/A,N/A,N/A,True,6908.0
2026-08-27T11:32:33.491442,DEL,BOM,45,2026-10-11,Air India,N/A,N/A,N/A,True,6908.0
2026-08-27T11:32:33.491445,DEL,BOM,45,2026-10-11,Air India,N/A,N/A,N/A,True,6950.0
2026-08-27T11:32:33.491447,DEL,BOM,45,2026-10-11,Air India,N/A,N/A,N/A,True,6950.0
2026-08-27T11:32:33.491450,DEL,BOM,45,2026-10-11,Air India,N/A,N/A,N/A,True,6950.0
2026-08-27T11:32:33.491453,DEL,BOM,45,2026-10-11,Air India,N/A,N/A,N/A,True,6950.0
2026-08-27T11:32:33.491455,DEL,BOM,45,2026-10-11,Air India,N/A,N/A,N/A,True,6950.0
2026-08-27T11:32:33.491458,DEL,BOM,45,2026-10-11,Air India,N/A,N/A,N/A,True,6950.0
2026-08-27T11:32:33.491460,DEL,BOM,45,2026-10-11,Air India,N/A,N/A,N/A,True,6950.0
2026-08-27T11:32:33.491463,DEL,BOM,45,2026-10-11,Air India,N/A,N/A,N/A,True,6950.0
2026-08-27T11:32:33.491465,DEL,BOM,45,2026-10-11,Air India,N/A,N/A,N/A,True,6950.0
2026-08-27T11:32:33.491468,DEL,BOM,45,2026-10-11,IndiGo,N/A,N/A,N/A,True,7055.0
2026-08-27T11:32:33.491470,DEL,BOM,45,2026-10-11,IndiGo,N/A,N/A,N/A,True,7055.0
2026-08-27T11:32:33.491473,DEL,BOM,45,2026-10-11,IndiGo,N/A,N/A,N/A,True,7055.0
2026-08-27T11:32:33.491476,DEL,BOM,45,2026-10-11,IndiGo,N/A,N/A,N/A,True,7055.0
2026-08-27T11:32:33.491478,DEL,BOM,45,2026-10-11,IndiGo,N/A,N/A,N/A,True,7055.0
2026-08-27T11:32:33.491481,DEL,BOM,45,2026-10-11,IndiGo,N/A,N/A,N/A,True,7055.0
2026-08-27T11:32:33.491483,DEL,BOM,45,2026-10-11,IndiGo,N/A,N/A,N/A,True,7055.0
2026-08-27T11:32:33.491486,DEL,BOM,45,2026-10-11,IndiGo,N/A,N/A,N/A,True,7055.0
2026-08-27T11:32:33.491488,DEL,BOM,45,2026-10-11,IndiGo,N/A,N/A,N/A,True,7055.0
2026-08-27T11:32:33.491491,DEL,BOM,45,2026-10-11,IndiGo,N/A,N/A,N/A,True,7055.0
2026-08-27T11:32:33.491493,DEL,BOM,45,2026-10-11,IndiGo,N/A,N/A,N/A,True,7055.0
2026-08-27T11:32:33.491496,DEL,BOM,45,2026-10-11,Air India,N/A,N/A,N/A,True,7123.0
2026-08-27T11:32:33.491498,DEL,BOM,45,2026-10-11,Air India,N/A,N/A,N/A,True,7123.0
2026-08-27T11:32:33.491501,DEL,BOM,45,2026-10-11,Akasa Air,N/A,N/A,N/A,True,7628.0
2026-08-27T11:32:33.491503,DEL,BOM,45,2026-10-11,Air India,N/A,N/A,N/A,True,7637.0
2026-08-27T11:32:37.753305,DEL,BLR,1,2026-08-28,IndiGo,N/A,N/A,N/A,True,8576.0
2026-08-27T11:32:37.753322,DEL,BLR,1,2026-08-28,IndiGo,N/A,N/A,N/A,True,8576.0
2026-08-27T11:32:37.753325,DEL,BLR,1,2026-08-28,IndiGo,N/A,N/A,N/A,True,8576.0
2026-08-27T11:32:37.753329,DEL,BLR,1,2026-08-28,IndiGo,N/A,N/A,N/A,True,8576.0
2026-08-27T11:32:37.753332,DEL,BLR,1,2026-08-28,IndiGo,N/A,N/A,N/A,True,8576.0
2026-08-27T11:32:37.753334,DEL,BLR,1,2026-08-28,IndiGo,N/A,N/A,N/A,True,8576.0
2026-08-27T11:32:37.753337,DEL,BLR,1,2026-08-28,IndiGo,N/A,N/A,N/A,True,8576.0
2026-08-27T11:32:37.753339,DEL,BLR,1,2026-08-28,IndiGo,N/A,N/A,N/A,True,8576.0
2026-08-27T11:32:37.753342,DEL,BLR,1,2026-08-28,IndiGo,N/A,N/A,N/A,True,8576.0
2026-08-27T11:32:37.753344,DEL,BLR,1,2026-08-28,Air India,N/A,N/A,N/A,True,8735.0
2026-08-27T11:32:37.753347,DEL,BLR,1,2026-08-28,Air India,N/A,N/A,N/A,True,8735.0
2026-08-27T11:32:37.753350,DEL,BLR,1,2026-08-28,Air India,N/A,N/A,N/A,True,8735.0
2026-08-27T11:32:37.753352,DEL,BLR,1,2026-08-28,Air India,N/A,N/A,N/A,True,8735.0
2026-08-27T11:32:37.753355,DEL,BLR,1,2026-08-28,Air India,N/A,N/A,N/A,True,8735.0
2026-08-27T11:32:37.753358,DEL,BLR,1,2026-08-28,Air India,N/A,N/A,N/A,True,8735.0
2026-08-27T11:32:37.753360,DEL,BLR,1,2026-08-28,Air India,N/A,N/A,N/A,True,8735.0
2026-08-27T11:32:37.753363,DEL,BLR,1,2026-08-28,Air India,N/A,N/A,N/A,True,8735.0
2026-08-27T11:32:37.753365,DEL,BLR,1,2026-08-28,Air India,N/A,N/A,N/A,True,8735.0
2026-08-27T11:32:37.753368,DEL,BLR,1,2026-08-28,Air India,N/A,N/A,N/A,True,8735.0
2026-08-27T11:32:37.753371,DEL,BLR,1,2026-08-28,Air India,N/A,N/A,N/A,True,8735.0
2026-08-27T11:32:37.753373,DEL,BLR,1,2026-08-28,Air India Express,N/A,N/A,N/A,True,8761.0
2026-08-27T11:32:37.753376,DEL,BLR,1,2026-08-28,Akasa Air,N/A,N/A,N/A,True,9031.0
2026-08-27T11:32:37.753378,DEL,BLR,1,2026-08-28,Akasa Air,N/A,N/A,N/A,True,9031.0
2026-08-27T11:32:37.753381,DEL,BLR,1,2026-08-28,Akasa Air,N/A,N/A,N/A,True,9031.0
2026-08-27T11:32:37.753384,DEL,BLR,1,2026-08-28,Akasa Air,N/A,N/A,N/A,True,9031.0
2026-08-27T11:32:37.753386,DEL,BLR,1,2026-08-28,IndiGo,N/A,N/A,N/A,True,9033.0
2026-08-27T11:32:37.753389,DEL,BLR,1,2026-08-28,IndiGo,N/A,N/A,N/A,True,9033.0
2026-08-27T11:32:37.753391,DEL,BLR,1,2026-08-28,IndiGo,N/A,N/A,N/A,True,9033.0
2026-08-27T11:32:37.753394,DEL,BLR,1,2026-08-28,IndiGo,N/A,N/A,N/A,True,9033.0
2026-08-27T11:32:37.753396,DEL,BLR,1,2026-08-28,IndiGo,N/A,N/A,N/A,True,9033.0
2026-08-27T11:32:37.753399,DEL,BLR,1,2026-08-28,IndiGo,N/A,N/A,N/A,True,9033.0
2026-08-27T11:32:37.753402,DEL,BLR,1,2026-08-28,Air India,N/A,N/A,N/A,True,9192.0
2026-08-27T11:32:37.753404,DEL,BLR,1,2026-08-28,Air India,N/A,N/A,N/A,True,9349.0
2026-08-27T11:32:37.753407,DEL,BLR,1,2026-08-28,Air India,N/A,N/A,N/A,True,9349.0
2026-08-27T11:32:37.753409,DEL,BLR,1,2026-08-28,Akasa Air,N/A,N/A,N/A,True,9360.0
2026-08-27T11:32:37.753412,DEL,BLR,1,2026-08-28,Air India,N/A,N/A,N/A,True,11318.0
2026-08-27T11:34:45.655654,BOM,BLR,7,2026-09-03,IndiGo,N/A,N/A,N/A,True,6809.0
2026-08-27T11:34:45.655953,BOM,BLR,7,2026-09-03,IndiGo,N/A,N/A,N/A,True,6809.0
2026-08-27T11:34:45.655960,BOM,BLR,7,2026-09-03,IndiGo,N/A,N/A,N/A,True,6809.0
2026-08-27T11:34:45.655963,BOM,BLR,7,2026-09-03,IndiGo,N/A,N/A,N/A,True,6809.0
2026-08-27T11:34:45.655966,BOM,BLR,7,2026-09-03,IndiGo,N/A,N/A,N/A,True,6809.0
2026-08-27T11:34:45.655969,BOM,BLR,7,2026-09-03,IndiGo,N/A,N/A,N/A,True,6809.0
2026-08-27T11:34:45.655971,BOM,BLR,7,2026-09-03,IndiGo,N/A,N/A,N/A,True,6809.0
2026-08-27T11:34:45.655974,BOM,BLR,7,2026-09-03,Akasa Air,N/A,N/A,N/A,True,6846.0
2026-08-27T11:34:45.655977,BOM,BLR,7,2026-09-03,Air India,N/A,N/A,N/A,True,7026.0
2026-08-27T11:34:45.655980,BOM,BLR,7,2026-09-03,Air India,N/A,N/A,N/A,True,7026.0
2026-08-27T11:34:45.655983,BOM,BLR,7,2026-09-03,IndiGo,N/A,N/A,N/A,True,7439.0
2026-08-27T11:34:45.655985,BOM,BLR,7,2026-09-03,Air India,N/A,N/A,N/A,True,7530.0
2026-08-27T11:34:45.655988,BOM,BLR,7,2026-09-03,Akasa Air,N/A,N/A,N/A,True,7697.0
2026-08-27T11:34:45.655991,BOM,BLR,7,2026-09-03,Air India,N/A,N/A,N/A,True,7861.0
2026-08-27T11:34:45.655994,BOM,BLR,7,2026-09-03,Air India,N/A,N/A,N/A,True,8019.0
2026-08-27T11:34:45.655996,BOM,BLR,7,2026-09-03,Air India,N/A,N/A,N/A,True,8019.0
2026-08-27T11:34:45.655999,BOM,BLR,7,2026-09-03,IndiGo,N/A,N/A,N/A,True,8279.0
2026-08-27T11:34:45.656002,BOM,BLR,7,2026-09-03,IndiGo,N/A,N/A,N/A,True,8279.0
2026-08-27T11:34:45.656004,BOM,BLR,7,2026-09-03,IndiGo,N/A,N/A,N/A,True,8279.0
2026-08-27T11:34:45.656007,BOM,BLR,7,2026-09-03,Akasa Air,N/A,N/A,N/A,True,8332.0
2026-08-27T11:34:45.656009,BOM,BLR,7,2026-09-03,Air India,N/A,N/A,N/A,True,8439.0
2026-08-27T11:34:45.656012,BOM,BLR,7,2026-09-03,Air India,N/A,N/A,N/A,True,8439.0
2026-08-27T11:34:45.656015,BOM,BLR,7,2026-09-03,Air India,N/A,N/A,N/A,True,8733.0
2026-08-27T11:34:45.656017,BOM,BLR,7,2026-09-03,IndiGo,N/A,N/A,N/A,True,8804.0
2026-08-27T11:34:45.656020,BOM,BLR,7,2026-09-03,Air India,N/A,N/A,N/A,True,10281.0
2026-08-27T11:34:45.656023,BOM,BLR,7,2026-09-03,Akasa Air,N/A,N/A,N/A,True,10617.0
2026-08-27T11:34:49.083527,BOM,BLR,15,2026-09-11,Air India,N/A,N/A,N/A,True,6801.0
2026-08-27T11:34:49.083548,BOM,BLR,15,2026-09-11,IndiGo,N/A,N/A,N/A,True,6809.0
2026-08-27T11:34:49.083552,BOM,BLR,15,2026-09-11,IndiGo,N/A,N/A,N/A,True,6809.0
2026-08-27T11:34:49.083555,BOM,BLR,15,2026-09-11,IndiGo,N/A,N/A,N/A,True,6809.0
2026-08-27T11:34:49.083557,BOM,BLR,15,2026-09-11,Air India,N/A,N/A,N/A,True,7026.0
2026-08-27T11:34:49.083561,BOM,BLR,15,2026-09-11,IndiGo,N/A,N/A,N/A,True,7124.0
2026-08-27T11:34:49.083564,BOM,BLR,15,2026-09-11,Air India,N/A,N/A,N/A,True,7205.0
2026-08-27T11:34:49.083566,BOM,BLR,15,2026-09-11,Akasa Air,N/A,N/A,N/A,True,7401.0
2026-08-27T11:34:49.083569,BOM,BLR,15,2026-09-11,IndiGo,N/A,N/A,N/A,True,7439.0
2026-08-27T11:34:49.083572,BOM,BLR,15,2026-09-11,IndiGo,N/A,N/A,N/A,True,7859.0
2026-08-27T11:34:49.083574,BOM,BLR,15,2026-09-11,Air India,N/A,N/A,N/A,True,8019.0
2026-08-27T11:34:49.083577,BOM,BLR,15,2026-09-11,Air India,N/A,N/A,N/A,True,8019.0
2026-08-27T11:34:49.083579,BOM,BLR,15,2026-09-11,Air India,N/A,N/A,N/A,True,8019.0
2026-08-27T11:34:49.083582,BOM,BLR,15,2026-09-11,IndiGo,N/A,N/A,N/A,True,8279.0
2026-08-27T11:34:49.083584,BOM,BLR,15,2026-09-11,Akasa Air,N/A,N/A,N/A,True,8332.0
2026-08-27T11:34:49.083587,BOM,BLR,15,2026-09-11,Air India,N/A,N/A,N/A,True,8439.0
2026-08-27T11:34:49.083589,BOM,BLR,15,2026-09-11,IndiGo,N/A,N/A,N/A,True,8804.0
2026-08-27T11:34:49.083592,BOM,BLR,15,2026-09-11,IndiGo,N/A,N/A,N/A,True,8804.0
2026-08-27T11:34:49.083595,BOM,BLR,15,2026-09-11,IndiGo,N/A,N/A,N/A,True,10484.0
2026-08-27T11:34:49.083597,BOM,BLR,15,2026-09-11,Akasa Air,N/A,N/A,N/A,True,10617.0
2026-08-27T11:34:49.083600,BOM,BLR,15,2026-09-11,Air India,N/A,N/A,N/A,True,10654.0
2026-08-27T11:34:49.083602,BOM,BLR,15,2026-09-11,Air India,N/A,N/A,N/A,True,10743.0
2026-08-27T11:34:49.083605,BOM,BLR,15,2026-09-11,IndiGo,N/A,N/A,N/A,True,11114.0
2026-08-27T11:34:49.083607,BOM,BLR,15,2026-09-11,IndiGo,N/A,N/A,N/A,True,11114.0
2026-08-27T11:34:49.083610,BOM,BLR,15,2026-09-11,Akasa Air,N/A,N/A,N/A,True,11524.0
2026-08-27T11:34:49.083612,BOM,BLR,15,2026-09-11,Akasa Air,N/A,N/A,N/A,True,12011.0
2026-08-27T11:34:49.083615,BOM,BLR,15,2026-09-11,Air India,N/A,N/A,N/A,True,12728.0
2026-08-27T11:34:49.083617,BOM,BLR,15,2026-09-11,Air India,N/A,N/A,N/A,True,14586.0
2026-08-27T11:34:52.422938,BOM,BLR,30,2026-09-26,IndiGo,N/A,N/A,N/A,True,4996.0
2026-08-27T11:34:52.422956,BOM,BLR,30,2026-09-26,Air India,N/A,N/A,N/A,True,5152.0
2026-08-27T11:34:52.422960,BOM,BLR,30,2026-09-26,Akasa Air,N/A,N/A,N/A,True,5451.0
2026-08-27T11:34:52.422964,BOM,BLR,30,2026-09-26,Akasa Air,N/A,N/A,N/A,True,5451.0
2026-08-27T11:34:52.422968,BOM,BLR,30,2026-09-26,Akasa Air,N/A,N/A,N/A,True,5451.0
2026-08-27T11:34:52.422972,BOM,BLR,30,2026-09-26,Akasa Air,N/A,N/A,N/A,True,5451.0
2026-08-27T11:34:52.422976,BOM,BLR,30,2026-09-26,Air India,N/A,N/A,N/A,True,6801.0
2026-08-27T11:34:52.422979,BOM,BLR,30,2026-09-26,Air India,N/A,N/A,N/A,True,6801.0
2026-08-27T11:34:52.422982,BOM,BLR,30,2026-09-26,IndiGo,N/A,N/A,N/A,True,6809.0
2026-08-27T11:34:52.422985,BOM,BLR,30,2026-09-26,IndiGo,N/A,N/A,N/A,True,6809.0
2026-08-27T11:34:52.422989,BOM,BLR,30,2026-09-26,IndiGo,N/A,N/A,N/A,True,6809.0
2026-08-27T11:34:52.422992,BOM,BLR,30,2026-09-26,IndiGo,N/A,N/A,N/A,True,6809.0
2026-08-27T11:34:52.422995,BOM,BLR,30,2026-09-26,IndiGo,N/A,N/A,N/A,True,6809.0
2026-08-27T11:34:52.423000,BOM,BLR,30,2026-09-26,IndiGo,N/A,N/A,N/A,True,6809.0
2026-08-27T11:34:52.423003,BOM,BLR,30,2026-09-26,IndiGo,N/A,N/A,N/A,True,6809.0
2026-08-27T11:34:52.423006,BOM,BLR,30,2026-09-26,IndiGo,N/A,N/A,N/A,True,6809.0
2026-08-27T11:34:52.423009,BOM,BLR,30,2026-09-26,IndiGo,N/A,N/A,N/A,True,6809.0
2026-08-27T11:34:52.423013,BOM,BLR,30,2026-09-26,Air India,N/A,N/A,N/A,True,6969.0
2026-08-27T11:34:52.423016,BOM,BLR,30,2026-09-26,Air India,N/A,N/A,N/A,True,6969.0
2026-08-27T11:34:52.423019,BOM,BLR,30,2026-09-26,Air India,N/A,N/A,N/A,True,7026.0
2026-08-27T11:34:52.423022,BOM,BLR,30,2026-09-26,Air India,N/A,N/A,N/A,True,7026.0
2026-08-27T11:34:52.423026,BOM,BLR,30,2026-09-26,IndiGo,N/A,N/A,N/A,True,7124.0
2026-08-27T11:34:52.423029,BOM,BLR,30,2026-09-26,Air India,N/A,N/A,N/A,True,7205.0
2026-08-27T11:34:52.423032,BOM,BLR,30,2026-09-26,Air India,N/A,N/A,N/A,True,7404.0
2026-08-27T11:34:52.423035,BOM,BLR,30,2026-09-26,IndiGo,N/A,N/A,N/A,True,7439.0
2026-08-27T11:34:52.423039,BOM,BLR,30,2026-09-26,Air India,N/A,N/A,N/A,True,7861.0
2026-08-27T11:34:52.423042,BOM,BLR,30,2026-09-26,Air India,N/A,N/A,N/A,True,8019.0
2026-08-27T11:34:55.960829,BOM,BLR,45,2026-10-11,Akasa Air,N/A,N/A,N/A,True,5658.0
2026-08-27T11:34:55.960844,BOM,BLR,45,2026-10-11,IndiGo,N/A,N/A,N/A,True,6041.0
2026-08-27T11:34:55.960848,BOM,BLR,45,2026-10-11,Air India,N/A,N/A,N/A,True,6801.0
2026-08-27T11:34:55.960851,BOM,BLR,45,2026-10-11,IndiGo,N/A,N/A,N/A,True,6809.0
2026-08-27T11:34:55.960853,BOM,BLR,45,2026-10-11,IndiGo,N/A,N/A,N/A,True,6809.0
2026-08-27T11:34:55.960856,BOM,BLR,45,2026-10-11,IndiGo,N/A,N/A,N/A,True,6809.0
2026-08-27T11:34:55.960858,BOM,BLR,45,2026-10-11,IndiGo,N/A,N/A,N/A,True,6809.0
2026-08-27T11:34:55.960861,BOM,BLR,45,2026-10-11,IndiGo,N/A,N/A,N/A,True,6809.0
2026-08-27T11:34:55.960864,BOM,BLR,45,2026-10-11,IndiGo,N/A,N/A,N/A,True,6809.0
2026-08-27T11:34:55.960866,BOM,BLR,45,2026-10-11,IndiGo,N/A,N/A,N/A,True,7124.0
2026-08-27T11:34:55.960870,BOM,BLR,45,2026-10-11,Air India,N/A,N/A,N/A,True,7378.0
2026-08-27T11:34:55.960873,BOM,BLR,45,2026-10-11,IndiGo,N/A,N/A,N/A,True,7439.0
2026-08-27T11:34:55.960876,BOM,BLR,45,2026-10-11,IndiGo,N/A,N/A,N/A,True,7439.0
2026-08-27T11:34:55.960878,BOM,BLR,45,2026-10-11,IndiGo,N/A,N/A,N/A,True,7439.0
2026-08-27T11:34:55.960881,BOM,BLR,45,2026-10-11,IndiGo,N/A,N/A,N/A,True,7439.0
2026-08-27T11:34:55.960883,BOM,BLR,45,2026-10-11,IndiGo,N/A,N/A,N/A,True,7439.0
2026-08-27T11:34:55.960886,BOM,BLR,45,2026-10-11,IndiGo,N/A,N/A,N/A,True,7439.0
2026-08-27T11:34:55.960888,BOM,BLR,45,2026-10-11,Air India,N/A,N/A,N/A,True,7798.0
2026-08-27T11:34:55.960891,BOM,BLR,45,2026-10-11,Air India,N/A,N/A,N/A,True,8071.0
2026-08-27T11:34:55.960893,BOM,BLR,45,2026-10-11,Air India,N/A,N/A,N/A,True,8533.0
2026-08-27T11:34:55.960896,BOM,BLR,45,2026-10-11,Air India,N/A,N/A,N/A,True,8727.0
2026-08-27T11:34:55.960898,BOM,BLR,45,2026-10-11,Air India,N/A,N/A,N/A,True,8727.0
2026-08-27T11:34:55.960901,BOM,BLR,45,2026-10-11,Air India,N/A,N/A,N/A,True,9037.0
2026-08-27T11:34:55.960904,BOM,BLR,45,2026-10-11,Air India,N/A,N/A,N/A,True,9037.0
2026-08-27T11:34:55.960906,BOM,BLR,45,2026-10-11,Air India,N/A,N/A,N/A,True,9037.0
2026-08-27T11:34:55.960909,BOM,BLR,45,2026-10-11,Air India,N/A,N/A,N/A,True,9037.0
2026-08-27T11:34:59.159844,DEL,CCU,1,2026-08-28,IndiGo,N/A,N/A,N/A,True,8346.0
2026-08-27T11:34:59.159859,DEL,CCU,1,2026-08-28,IndiGo,N/A,N/A,N/A,True,8346.0
2026-08-27T11:34:59.159863,DEL,CCU,1,2026-08-28,IndiGo,N/A,N/A,N/A,True,8346.0
2026-08-27T11:34:59.159866,DEL,CCU,1,2026-08-28,IndiGo,N/A,N/A,N/A,True,8346.0
2026-08-27T11:34:59.159868,DEL,CCU,1,2026-08-28,IndiGo,N/A,N/A,N/A,True,8346.0
2026-08-27T11:34:59.159871,DEL,CCU,1,2026-08-28,IndiGo,N/A,N/A,N/A,True,8346.0
2026-08-27T11:34:59.159874,DEL,CCU,1,2026-08-28,Air India,N/A,N/A,N/A,True,8504.0
2026-08-27T11:34:59.159876,DEL,CCU,1,2026-08-28,Air India,N/A,N/A,N/A,True,8504.0
2026-08-27T11:34:59.159879,DEL,CCU,1,2026-08-28,Air India,N/A,N/A,N/A,True,8504.0
2026-08-27T11:34:59.159881,DEL,CCU,1,2026-08-28,Air India,N/A,N/A,N/A,True,8504.0
2026-08-27T11:34:59.159884,DEL,CCU,1,2026-08-28,Air India,N/A,N/A,N/A,True,8504.0
2026-08-27T11:34:59.159886,DEL,CCU,1,2026-08-28,Air India,N/A,N/A,N/A,True,8504.0
2026-08-27T11:34:59.159890,DEL,CCU,1,2026-08-28,Air India,N/A,N/A,N/A,True,8504.0
2026-08-27T11:34:59.159892,DEL,CCU,1,2026-08-28,Air India,N/A,N/A,N/A,True,8504.0
2026-08-27T11:34:59.159895,DEL,CCU,1,2026-08-28,IndiGo,N/A,N/A,N/A,True,8608.0
2026-08-27T11:34:59.159897,DEL,CCU,1,2026-08-28,IndiGo,N/A,N/A,N/A,True,8608.0
2026-08-27T11:34:59.159900,DEL,CCU,1,2026-08-28,IndiGo,N/A,N/A,N/A,True,8608.0
2026-08-27T11:34:59.159902,DEL,CCU,1,2026-08-28,Akasa Air,N/A,N/A,N/A,True,8866.0
2026-08-27T11:35:02.295337,DEL,CCU,7,2026-09-03,IndiGo,N/A,N/A,N/A,True,6491.0
2026-08-27T11:35:02.295356,DEL,CCU,7,2026-09-03,IndiGo,N/A,N/A,N/A,True,6701.0
2026-08-27T11:35:02.295361,DEL,CCU,7,2026-09-03,IndiGo,N/A,N/A,N/A,True,6806.0
2026-08-27T11:35:02.295364,DEL,CCU,7,2026-09-03,IndiGo,N/A,N/A,N/A,True,6806.0
2026-08-27T11:35:02.295367,DEL,CCU,7,2026-09-03,IndiGo,N/A,N/A,N/A,True,6806.0
2026-08-27T11:35:02.295369,DEL,CCU,7,2026-09-03,Akasa Air,N/A,N/A,N/A,True,7933.0
2026-08-27T11:35:02.295372,DEL,CCU,7,2026-09-03,IndiGo,N/A,N/A,N/A,True,8346.0
2026-08-27T11:35:02.295375,DEL,CCU,7,2026-09-03,IndiGo,N/A,N/A,N/A,True,8346.0
2026-08-27T11:35:02.295377,DEL,CCU,7,2026-09-03,IndiGo,N/A,N/A,N/A,True,8346.0
2026-08-27T11:35:02.295380,DEL,CCU,7,2026-09-03,IndiGo,N/A,N/A,N/A,True,8346.0
2026-08-27T11:35:02.295382,DEL,CCU,7,2026-09-03,IndiGo,N/A,N/A,N/A,True,8346.0
2026-08-27T11:35:02.295385,DEL,CCU,7,2026-09-03,IndiGo,N/A,N/A,N/A,True,8346.0
2026-08-27T11:35:02.295387,DEL,CCU,7,2026-09-03,IndiGo,N/A,N/A,N/A,True,8346.0
2026-08-27T11:35:02.295390,DEL,CCU,7,2026-09-03,Air India,N/A,N/A,N/A,True,8504.0
2026-08-27T11:35:02.295393,DEL,CCU,7,2026-09-03,Air India,N/A,N/A,N/A,True,8504.0
2026-08-27T11:35:02.295395,DEL,CCU,7,2026-09-03,Air India,N/A,N/A,N/A,True,8504.0
2026-08-27T11:35:02.295398,DEL,CCU,7,2026-09-03,Air India,N/A,N/A,N/A,True,8504.0
2026-08-27T11:35:02.295400,DEL,CCU,7,2026-09-03,Air India,N/A,N/A,N/A,True,8504.0
2026-08-27T11:35:02.295403,DEL,CCU,7,2026-09-03,Air India,N/A,N/A,N/A,True,8504.0
2026-08-27T11:35:02.295405,DEL,CCU,7,2026-09-03,IndiGo,N/A,N/A,N/A,True,8608.0
2026-08-27T11:35:02.295408,DEL,CCU,7,2026-09-03,IndiGo,N/A,N/A,N/A,True,9921.0
2026-08-27T11:35:02.295410,DEL,CCU,7,2026-09-03,Air India,N/A,N/A,N/A,True,10079.0
2026-08-27T11:35:02.295413,DEL,CCU,7,2026-09-03,IndiGo,N/A,N/A,N/A,True,10551.0
2026-08-27T11:35:02.295415,DEL,CCU,7,2026-09-03,Air India,N/A,N/A,N/A,True,11633.0
2026-08-27T11:35:02.295418,DEL,CCU,7,2026-09-03,IndiGo,N/A,N/A,N/A,True,13701.0
2026-08-27T11:35:02.295420,DEL,CCU,7,2026-09-03,Air India,N/A,N/A,N/A,True,14163.0
2026-08-27T11:35:05.359735,DEL,CCU,15,2026-09-11,IndiGo,N/A,N/A,N/A,True,6622.0
2026-08-27T11:35:05.359761,DEL,CCU,15,2026-09-11,IndiGo,N/A,N/A,N/A,True,6701.0
2026-08-27T11:35:05.359765,DEL,CCU,15,2026-09-11,IndiGo,N/A,N/A,N/A,True,6806.0
2026-08-27T11:35:05.359768,DEL,CCU,15,2026-09-11,IndiGo,N/A,N/A,N/A,True,6806.0
2026-08-27T11:35:05.359771,DEL,CCU,15,2026-09-11,Akasa Air,N/A,N/A,N/A,True,7933.0
2026-08-27T11:35:05.359774,DEL,CCU,15,2026-09-11,IndiGo,N/A,N/A,N/A,True,8346.0
2026-08-27T11:35:05.359777,DEL,CCU,15,2026-09-11,IndiGo,N/A,N/A,N/A,True,8346.0
2026-08-27T11:35:05.359780,DEL,CCU,15,2026-09-11,IndiGo,N/A,N/A,N/A,True,8346.0
2026-08-27T11:35:05.359783,DEL,CCU,15,2026-09-11,IndiGo,N/A,N/A,N/A,True,8346.0
2026-08-27T11:35:05.359786,DEL,CCU,15,2026-09-11,IndiGo,N/A,N/A,N/A,True,8346.0
2026-08-27T11:35:05.359789,DEL,CCU,15,2026-09-11,IndiGo,N/A,N/A,N/A,True,8346.0
2026-08-27T11:35:05.359792,DEL,CCU,15,2026-09-11,IndiGo,N/A,N/A,N/A,True,8346.0
2026-08-27T11:35:05.359795,DEL,CCU,15,2026-09-11,Air India,N/A,N/A,N/A,True,8504.0
2026-08-27T11:35:05.359798,DEL,CCU,15,2026-09-11,Air India,N/A,N/A,N/A,True,8504.0
2026-08-27T11:35:05.359801,DEL,CCU,15,2026-09-11,Air India,N/A,N/A,N/A,True,8504.0
2026-08-27T11:35:05.359803,DEL,CCU,15,2026-09-11,Air India,N/A,N/A,N/A,True,8504.0
2026-08-27T11:35:05.359871,DEL,CCU,15,2026-09-11,Air India,N/A,N/A,N/A,True,8504.0
2026-08-27T11:35:05.359876,DEL,CCU,15,2026-09-11,Air India,N/A,N/A,N/A,True,8504.0
2026-08-27T11:35:05.359880,DEL,CCU,15,2026-09-11,Air India,N/A,N/A,N/A,True,8504.0
2026-08-27T11:35:05.359882,DEL,CCU,15,2026-09-11,IndiGo,N/A,N/A,N/A,True,8608.0
2026-08-27T11:35:05.359886,DEL,CCU,15,2026-09-11,Air India,N/A,N/A,N/A,True,8919.0
2026-08-27T11:35:05.359889,DEL,CCU,15,2026-09-11,IndiGo,N/A,N/A,N/A,True,8923.0
2026-08-27T11:35:05.359892,DEL,CCU,15,2026-09-11,IndiGo,N/A,N/A,N/A,True,9396.0
2026-08-27T11:35:05.359895,DEL,CCU,15,2026-09-11,Air India,N/A,N/A,N/A,True,12431.0
2026-08-27T11:35:05.359898,DEL,CCU,15,2026-09-11,IndiGo,N/A,N/A,N/A,True,12861.0
2026-08-27T11:35:08.536424,DEL,CCU,30,2026-09-26,IndiGo,N/A,N/A,N/A,True,6787.0
2026-08-27T11:35:08.536440,DEL,CCU,30,2026-09-26,IndiGo,N/A,N/A,N/A,True,6787.0
2026-08-27T11:35:08.536444,DEL,CCU,30,2026-09-26,IndiGo,N/A,N/A,N/A,True,7102.0
2026-08-27T11:35:08.536447,DEL,CCU,30,2026-09-26,Akasa Air,N/A,N/A,N/A,True,8231.0
2026-08-27T11:35:08.536449,DEL,CCU,30,2026-09-26,IndiGo,N/A,N/A,N/A,True,8346.0
2026-08-27T11:35:08.536452,DEL,CCU,30,2026-09-26,IndiGo,N/A,N/A,N/A,True,8346.0
2026-08-27T11:35:08.536454,DEL,CCU,30,2026-09-26,IndiGo,N/A,N/A,N/A,True,8346.0
2026-08-27T11:35:08.536457,DEL,CCU,30,2026-09-26,IndiGo,N/A,N/A,N/A,True,8346.0
2026-08-27T11:35:08.536460,DEL,CCU,30,2026-09-26,IndiGo,N/A,N/A,N/A,True,8346.0
2026-08-27T11:35:08.536462,DEL,CCU,30,2026-09-26,IndiGo,N/A,N/A,N/A,True,8346.0
2026-08-27T11:35:08.536465,DEL,CCU,30,2026-09-26,Air India,N/A,N/A,N/A,True,8504.0
2026-08-27T11:35:08.536467,DEL,CCU,30,2026-09-26,Air India,N/A,N/A,N/A,True,8504.0
2026-08-27T11:35:08.536470,DEL,CCU,30,2026-09-26,Air India,N/A,N/A,N/A,True,8504.0
2026-08-27T11:35:08.536472,DEL,CCU,30,2026-09-26,Air India,N/A,N/A,N/A,True,8504.0
2026-08-27T11:35:08.536475,DEL,CCU,30,2026-09-26,Air India,N/A,N/A,N/A,True,8504.0
2026-08-27T11:35:08.536477,DEL,CCU,30,2026-09-26,IndiGo,N/A,N/A,N/A,True,8608.0
2026-08-27T11:35:08.536480,DEL,CCU,30,2026-09-26,IndiGo,N/A,N/A,N/A,True,8608.0
2026-08-27T11:35:08.536482,DEL,CCU,30,2026-09-26,Air India,N/A,N/A,N/A,True,8766.0
2026-08-27T11:35:08.536485,DEL,CCU,30,2026-09-26,IndiGo,N/A,N/A,N/A,True,8923.0
2026-08-27T11:35:08.536487,DEL,CCU,30,2026-09-26,Air India,N/A,N/A,N/A,True,9554.0
2026-08-27T11:35:08.536490,DEL,CCU,30,2026-09-26,IndiGo,N/A,N/A,N/A,True,12073.0
2026-08-27T11:35:08.536492,DEL,CCU,30,2026-09-26,Air India,N/A,N/A,N/A,True,12431.0
2026-08-27T11:35:11.838333,DEL,CCU,45,2026-10-11,IndiGo,N/A,N/A,N/A,True,6787.0
2026-08-27T11:35:11.838348,DEL,CCU,45,2026-10-11,IndiGo,N/A,N/A,N/A,True,6918.0
2026-08-27T11:35:11.838352,DEL,CCU,45,2026-10-11,IndiGo,N/A,N/A,N/A,True,6997.0
2026-08-27T11:35:11.838354,DEL,CCU,45,2026-10-11,IndiGo,N/A,N/A,N/A,True,6997.0
2026-08-27T11:35:11.838357,DEL,CCU,45,2026-10-11,IndiGo,N/A,N/A,N/A,True,7478.0
2026-08-27T11:35:11.838360,DEL,CCU,45,2026-10-11,Akasa Air,N/A,N/A,N/A,True,12007.0
2026-08-27T11:35:11.838362,DEL,CCU,45,2026-10-11,IndiGo,N/A,N/A,N/A,True,13701.0
2026-08-27T11:35:11.838365,DEL,CCU,45,2026-10-11,IndiGo,N/A,N/A,N/A,True,13701.0
2026-08-27T11:35:11.838367,DEL,CCU,45,2026-10-11,IndiGo,N/A,N/A,N/A,True,13701.0
2026-08-27T11:35:11.838370,DEL,CCU,45,2026-10-11,IndiGo,N/A,N/A,N/A,True,13701.0
2026-08-27T11:35:11.838372,DEL,CCU,45,2026-10-11,IndiGo,N/A,N/A,N/A,True,13701.0
2026-08-27T11:35:11.838375,DEL,CCU,45,2026-10-11,IndiGo,N/A,N/A,N/A,True,13701.0
2026-08-27T11:35:11.838377,DEL,CCU,45,2026-10-11,IndiGo,N/A,N/A,N/A,True,13701.0
2026-08-27T11:35:11.838385,DEL,CCU,45,2026-10-11,IndiGo,N/A,N/A,N/A,True,13701.0
2026-08-27T11:35:11.838387,DEL,CCU,45,2026-10-11,IndiGo,N/A,N/A,N/A,True,13701.0
2026-08-27T11:35:11.838390,DEL,CCU,45,2026-10-11,IndiGo,N/A,N/A,N/A,True,13701.0
2026-08-27T11:35:11.838392,DEL,CCU,45,2026-10-11,IndiGo,N/A,N/A,N/A,True,13701.0
2026-08-27T11:35:11.838395,DEL,CCU,45,2026-10-11,IndiGo,N/A,N/A,N/A,True,13701.0
2026-08-27T11:35:11.838397,DEL,CCU,45,2026-10-11,Air India,N/A,N/A,N/A,True,14163.0
2026-08-27T11:35:11.838400,DEL,CCU,45,2026-10-11,Air India,N/A,N/A,N/A,True,14163.0
2026-08-27T11:35:11.838402,DEL,CCU,45,2026-10-11,Air India,N/A,N/A,N/A,True,14163.0
2026-08-27T11:35:11.838405,DEL,CCU,45,2026-10-11,Air India,N/A,N/A,N/A,True,14163.0
2026-08-27T11:35:11.838407,DEL,CCU,45,2026-10-11,Akasa Air,N/A,N/A,N/A,True,14569.0
2026-08-27T11:35:11.838410,DEL,CCU,45,2026-10-11,Air India,N/A,N/A,N/A,True,17161.0
2026-08-27T11:35:11.838412,DEL,CCU,45,2026-10-11,Air India,N/A,N/A,N/A,True,17161.0
2026-08-27T11:35:11.838415,DEL,CCU,45,2026-10-11,Air India,N/A,N/A,N/A,True,17161.0
2026-08-27T11:35:11.838417,DEL,CCU,45,2026-10-11,Air India,N/A,N/A,N/A,True,18279.0
2026-08-27T11:35:11.838420,DEL,CCU,45,2026-10-11,Air India,N/A,N/A,N/A,True,18279.0
2026-08-27T11:35:14.986325,BLR,HYD,1,2026-08-28,IndiGo,N/A,N/A,N/A,True,6118.0
2026-08-27T11:35:14.986352,BLR,HYD,1,2026-08-28,IndiGo,N/A,N/A,N/A,True,6118.0
2026-08-27T11:35:14.986356,BLR,HYD,1,2026-08-28,IndiGo,N/A,N/A,N/A,True,6118.0
2026-08-27T11:35:14.986359,BLR,HYD,1,2026-08-28,IndiGo,N/A,N/A,N/A,True,6118.0
2026-08-27T11:35:14.986362,BLR,HYD,1,2026-08-28,IndiGo,N/A,N/A,N/A,True,6118.0
2026-08-27T11:35:14.986365,BLR,HYD,1,2026-08-28,IndiGo,N/A,N/A,N/A,True,6118.0
2026-08-27T11:35:14.986368,BLR,HYD,1,2026-08-28,IndiGo,N/A,N/A,N/A,True,6118.0
2026-08-27T11:35:14.986371,BLR,HYD,1,2026-08-28,IndiGo,N/A,N/A,N/A,True,6118.0
2026-08-27T11:35:14.986374,BLR,HYD,1,2026-08-28,IndiGo,N/A,N/A,N/A,True,6249.0
2026-08-27T11:35:14.986376,BLR,HYD,1,2026-08-28,IndiGo,N/A,N/A,N/A,True,6538.0
2026-08-27T11:35:14.986379,BLR,HYD,1,2026-08-28,IndiGo,N/A,N/A,N/A,True,6538.0
2026-08-27T11:35:14.986382,BLR,HYD,1,2026-08-28,Air India Express,N/A,N/A,N/A,True,7697.0
2026-08-27T11:35:14.986385,BLR,HYD,1,2026-08-28,Air India Express,N/A,N/A,N/A,True,7697.0
2026-08-27T11:35:14.986388,BLR,HYD,1,2026-08-28,Air India Express,N/A,N/A,N/A,True,8346.0
2026-08-27T11:35:14.986391,BLR,HYD,1,2026-08-28,Air India Express,N/A,N/A,N/A,True,8965.0
2026-08-27T11:35:14.986394,BLR,HYD,1,2026-08-28,IndiGo,N/A,N/A,N/A,True,9605.0
2026-08-27T11:35:14.986396,BLR,HYD,1,2026-08-28,IndiGo,N/A,N/A,N/A,True,10478.0
2026-08-27T11:35:14.986399,BLR,HYD,1,2026-08-28,IndiGo,N/A,N/A,N/A,True,10478.0
2026-08-27T11:35:14.986402,BLR,HYD,1,2026-08-28,IndiGo,N/A,N/A,N/A,True,10478.0
2026-08-27T11:35:14.986405,BLR,HYD,1,2026-08-28,IndiGo,N/A,N/A,N/A,True,11441.0
2026-08-27T11:35:14.986408,BLR,HYD,1,2026-08-28,IndiGo,N/A,N/A,N/A,True,11441.0
2026-08-27T11:35:14.986411,BLR,HYD,1,2026-08-28,IndiGo,N/A,N/A,N/A,True,12503.0
2026-08-27T11:35:14.986413,BLR,HYD,1,2026-08-28,IndiGo,N/A,N/A,N/A,True,13676.0
2026-08-27T11:35:14.986416,BLR,HYD,1,2026-08-28,IndiGo,N/A,N/A,N/A,True,16398.0
2026-08-27T11:35:18.151765,BLR,HYD,7,2026-09-03,IndiGo,N/A,N/A,N/A,True,4615.0
2026-08-27T11:35:18.151788,BLR,HYD,7,2026-09-03,IndiGo,N/A,N/A,N/A,True,4615.0
2026-08-27T11:35:18.151793,BLR,HYD,7,2026-09-03,IndiGo,N/A,N/A,N/A,True,5843.0
2026-08-27T11:35:18.151796,BLR,HYD,7,2026-09-03,IndiGo,N/A,N/A,N/A,True,5843.0
2026-08-27T11:35:18.151799,BLR,HYD,7,2026-09-03,Air India Express,N/A,N/A,N/A,True,5871.0
2026-08-27T11:35:18.151803,BLR,HYD,7,2026-09-03,IndiGo,N/A,N/A,N/A,True,6326.0
2026-08-27T11:35:18.151806,BLR,HYD,7,2026-09-03,IndiGo,N/A,N/A,N/A,True,6326.0
2026-08-27T11:35:18.151811,BLR,HYD,7,2026-09-03,IndiGo,N/A,N/A,N/A,True,6326.0
2026-08-27T11:35:18.151814,BLR,HYD,7,2026-09-03,Air India Express,N/A,N/A,N/A,True,6492.0
2026-08-27T11:35:18.151819,BLR,HYD,7,2026-09-03,IndiGo,N/A,N/A,N/A,True,6860.0
2026-08-27T11:35:18.151823,BLR,HYD,7,2026-09-03,IndiGo,N/A,N/A,N/A,True,7449.0
2026-08-27T11:35:18.151826,BLR,HYD,7,2026-09-03,Air India Express,N/A,N/A,N/A,True,7515.0
2026-08-27T11:35:25.147846,MAA,DEL,1,2026-08-28,IndiGo,N/A,N/A,N/A,True,9183.0
2026-08-27T11:35:25.147876,MAA,DEL,1,2026-08-28,IndiGo,N/A,N/A,N/A,True,9183.0
2026-08-27T11:35:25.147880,MAA,DEL,1,2026-08-28,IndiGo,N/A,N/A,N/A,True,9262.0
2026-08-27T11:35:25.147883,MAA,DEL,1,2026-08-28,IndiGo,N/A,N/A,N/A,True,9774.0
2026-08-27T11:35:25.147886,MAA,DEL,1,2026-08-28,IndiGo,N/A,N/A,N/A,True,9774.0
2026-08-27T11:35:25.147889,MAA,DEL,1,2026-08-28,IndiGo,N/A,N/A,N/A,True,9774.0
2026-08-27T11:35:25.147892,MAA,DEL,1,2026-08-28,IndiGo,N/A,N/A,N/A,True,9774.0
2026-08-27T11:35:25.147895,MAA,DEL,1,2026-08-28,IndiGo,N/A,N/A,N/A,True,9774.0
2026-08-27T11:35:25.147898,MAA,DEL,1,2026-08-28,IndiGo,N/A,N/A,N/A,True,9774.0
2026-08-27T11:35:25.147900,MAA,DEL,1,2026-08-28,IndiGo,N/A,N/A,N/A,True,9774.0
2026-08-27T11:35:25.147903,MAA,DEL,1,2026-08-28,IndiGo,N/A,N/A,N/A,True,9774.0
2026-08-27T11:35:25.147906,MAA,DEL,1,2026-08-28,Air India,N/A,N/A,N/A,True,9931.0
2026-08-27T11:35:25.147909,MAA,DEL,1,2026-08-28,Air India,N/A,N/A,N/A,True,9931.0
2026-08-27T11:35:25.147913,MAA,DEL,1,2026-08-28,Air India,N/A,N/A,N/A,True,9931.0
2026-08-27T11:35:25.147916,MAA,DEL,1,2026-08-28,Air India,N/A,N/A,N/A,True,10183.0
2026-08-27T11:35:25.147919,MAA,DEL,1,2026-08-28,Air India,N/A,N/A,N/A,True,10183.0
2026-08-27T11:35:25.147921,MAA,DEL,1,2026-08-28,Air India,N/A,N/A,N/A,True,10398.0
2026-08-27T11:35:25.147924,MAA,DEL,1,2026-08-28,Air India,N/A,N/A,N/A,True,10829.0
2026-08-27T11:35:25.147927,MAA,DEL,1,2026-08-28,Air India,N/A,N/A,N/A,True,10892.0
2026-08-27T11:35:25.147937,MAA,DEL,1,2026-08-28,THAI,N/A,N/A,N/A,True,36083.0
2026-08-27T11:35:25.147940,MAA,DEL,1,2026-08-28,SriLankan,N/A,N/A,N/A,True,121914.0
2026-08-27T11:35:28.675883,MAA,DEL,7,2026-09-03,IndiGo,N/A,N/A,N/A,True,8982.0
2026-08-27T11:35:28.675900,MAA,DEL,7,2026-09-03,IndiGo,N/A,N/A,N/A,True,8982.0
2026-08-27T11:35:28.675904,MAA,DEL,7,2026-09-03,IndiGo,N/A,N/A,N/A,True,8982.0
2026-08-27T11:35:28.675908,MAA,DEL,7,2026-09-03,IndiGo,N/A,N/A,N/A,True,9061.0
2026-08-27T11:35:28.675910,MAA,DEL,7,2026-09-03,IndiGo,N/A,N/A,N/A,True,9061.0
2026-08-27T11:35:28.675913,MAA,DEL,7,2026-09-03,IndiGo,N/A,N/A,N/A,True,9192.0
2026-08-27T11:35:28.675916,MAA,DEL,7,2026-09-03,IndiGo,N/A,N/A,N/A,True,9687.0
2026-08-27T11:35:28.675919,MAA,DEL,7,2026-09-03,IndiGo,N/A,N/A,N/A,True,9774.0
2026-08-27T11:35:28.675922,MAA,DEL,7,2026-09-03,IndiGo,N/A,N/A,N/A,True,10240.0
2026-08-27T11:35:28.675925,MAA,DEL,7,2026-09-03,Air India,N/A,N/A,N/A,True,10398.0
2026-08-27T11:35:28.675928,MAA,DEL,7,2026-09-03,IndiGo,N/A,N/A,N/A,True,10734.0
2026-08-27T11:35:28.675930,MAA,DEL,7,2026-09-03,IndiGo,N/A,N/A,N/A,True,10734.0
2026-08-27T11:35:28.675933,MAA,DEL,7,2026-09-03,IndiGo,N/A,N/A,N/A,True,10734.0
2026-08-27T11:35:28.675936,MAA,DEL,7,2026-09-03,Air India,N/A,N/A,N/A,True,11411.0
2026-08-27T11:35:28.675939,MAA,DEL,7,2026-09-03,IndiGo,N/A,N/A,N/A,True,11807.0
2026-08-27T11:35:28.675942,MAA,DEL,7,2026-09-03,IndiGo,N/A,N/A,N/A,True,11807.0
2026-08-27T11:35:28.675945,MAA,DEL,7,2026-09-03,Air India,N/A,N/A,N/A,True,12551.0
2026-08-27T11:35:28.675948,MAA,DEL,7,2026-09-03,Air India,N/A,N/A,N/A,True,12551.0
2026-08-27T11:35:28.675951,MAA,DEL,7,2026-09-03,IndiGo,N/A,N/A,N/A,True,13659.0
2026-08-27T11:35:28.675953,MAA,DEL,7,2026-09-03,Air India,N/A,N/A,N/A,True,14567.0
2026-08-27T11:35:28.675956,MAA,DEL,7,2026-09-03,Air India,N/A,N/A,N/A,True,14567.0
2026-08-27T11:35:28.675959,MAA,DEL,7,2026-09-03,Emirates,N/A,N/A,N/A,True,50334.0
2026-08-27T11:35:28.675962,MAA,DEL,7,2026-09-03,SriLankan,N/A,N/A,N/A,True,88939.0
2026-08-27T11:35:34.229964,MAA,DEL,15,2026-09-11,IndiGo,N/A,N/A,N/A,True,8342.0
2026-08-27T11:35:34.229980,MAA,DEL,15,2026-09-11,IndiGo,N/A,N/A,N/A,True,8342.0
2026-08-27T11:35:34.229984,MAA,DEL,15,2026-09-11,IndiGo,N/A,N/A,N/A,True,8342.0
2026-08-27T11:35:34.229986,MAA,DEL,15,2026-09-11,IndiGo,N/A,N/A,N/A,True,8421.0
2026-08-27T11:35:34.229989,MAA,DEL,15,2026-09-11,IndiGo,N/A,N/A,N/A,True,8982.0
2026-08-27T11:35:34.229992,MAA,DEL,15,2026-09-11,IndiGo,N/A,N/A,N/A,True,9192.0
2026-08-27T11:35:34.229995,MAA,DEL,15,2026-09-11,IndiGo,N/A,N/A,N/A,True,9774.0
2026-08-27T11:35:34.229997,MAA,DEL,15,2026-09-11,IndiGo,N/A,N/A,N/A,True,9774.0
2026-08-27T11:35:34.230000,MAA,DEL,15,2026-09-11,Air India,N/A,N/A,N/A,True,10183.0
2026-08-27T11:35:34.230035,MAA,DEL,15,2026-09-11,IndiGo,N/A,N/A,N/A,True,10240.0
2026-08-27T11:35:34.230038,MAA,DEL,15,2026-09-11,IndiGo,N/A,N/A,N/A,True,10734.0
2026-08-27T11:35:34.230041,MAA,DEL,15,2026-09-11,IndiGo,N/A,N/A,N/A,True,10734.0
2026-08-27T11:35:34.230043,MAA,DEL,15,2026-09-11,IndiGo,N/A,N/A,N/A,True,11256.0
2026-08-27T11:35:34.230046,MAA,DEL,15,2026-09-11,IndiGo,N/A,N/A,N/A,True,11256.0
2026-08-27T11:35:34.230049,MAA,DEL,15,2026-09-11,IndiGo,N/A,N/A,N/A,True,11807.0
2026-08-27T11:35:34.230051,MAA,DEL,15,2026-09-11,Air India,N/A,N/A,N/A,True,12477.0
2026-08-27T11:35:34.230054,MAA,DEL,15,2026-09-11,Air India,N/A,N/A,N/A,True,12871.0
2026-08-27T11:35:34.230057,MAA,DEL,15,2026-09-11,Air India,N/A,N/A,N/A,True,14567.0
2026-08-27T11:35:34.230059,MAA,DEL,15,2026-09-11,Air India,N/A,N/A,N/A,True,15207.0
2026-08-27T11:35:34.230062,MAA,DEL,15,2026-09-11,Air India,N/A,N/A,N/A,True,16640.0
2026-08-27T11:35:34.230065,MAA,DEL,15,2026-09-11,SriLankan,N/A,N/A,N/A,True,35461.0
2026-08-27T11:35:37.249286,MAA,DEL,30,2026-09-26,IndiGo,N/A,N/A,N/A,True,10019.0
2026-08-27T11:35:37.249312,MAA,DEL,30,2026-09-26,IndiGo,N/A,N/A,N/A,True,10229.0
2026-08-27T11:35:37.249316,MAA,DEL,30,2026-09-26,IndiGo,N/A,N/A,N/A,True,10229.0
2026-08-27T11:35:37.249320,MAA,DEL,30,2026-09-26,IndiGo,N/A,N/A,N/A,True,10307.0
2026-08-27T11:35:37.249323,MAA,DEL,30,2026-09-26,IndiGo,N/A,N/A,N/A,True,10307.0
2026-08-27T11:35:37.249326,MAA,DEL,30,2026-09-26,Air India,N/A,N/A,N/A,True,10398.0
2026-08-27T11:35:37.249328,MAA,DEL,30,2026-09-26,IndiGo,N/A,N/A,N/A,True,10734.0
2026-08-27T11:35:37.249331,MAA,DEL,30,2026-09-26,IndiGo,N/A,N/A,N/A,True,10734.0
2026-08-27T11:35:37.249334,MAA,DEL,30,2026-09-26,Air India,N/A,N/A,N/A,True,10892.0
2026-08-27T11:35:37.249337,MAA,DEL,30,2026-09-26,Air India,N/A,N/A,N/A,True,10892.0
2026-08-27T11:35:37.249340,MAA,DEL,30,2026-09-26,IndiGo,N/A,N/A,N/A,True,11256.0
2026-08-27T11:35:37.249343,MAA,DEL,30,2026-09-26,Air India,N/A,N/A,N/A,True,11963.0
2026-08-27T11:35:37.249345,MAA,DEL,30,2026-09-26,IndiGo,N/A,N/A,N/A,True,12391.0
2026-08-27T11:35:37.249348,MAA,DEL,30,2026-09-26,IndiGo,N/A,N/A,N/A,True,12391.0
2026-08-27T11:35:37.249351,MAA,DEL,30,2026-09-26,Air India,N/A,N/A,N/A,True,13391.0
2026-08-27T11:35:37.249354,MAA,DEL,30,2026-09-26,SriLankan,N/A,N/A,N/A,True,32605.0
2026-08-27T11:35:40.912914,MAA,DEL,45,2026-10-11,IndiGo,N/A,N/A,N/A,True,8315.0
2026-08-27T11:35:40.912931,MAA,DEL,45,2026-10-11,IndiGo,N/A,N/A,N/A,True,8525.0
2026-08-27T11:35:40.912934,MAA,DEL,45,2026-10-11,IndiGo,N/A,N/A,N/A,True,8525.0
2026-08-27T11:35:40.912937,MAA,DEL,45,2026-10-11,IndiGo,N/A,N/A,N/A,True,8525.0
2026-08-27T11:35:40.912940,MAA,DEL,45,2026-10-11,IndiGo,N/A,N/A,N/A,True,9774.0
2026-08-27T11:35:40.912942,MAA,DEL,45,2026-10-11,IndiGo,N/A,N/A,N/A,True,9774.0
2026-08-27T11:35:40.912945,MAA,DEL,45,2026-10-11,IndiGo,N/A,N/A,N/A,True,9774.0
2026-08-27T11:35:40.912947,MAA,DEL,45,2026-10-11,IndiGo,N/A,N/A,N/A,True,9774.0
2026-08-27T11:35:40.912950,MAA,DEL,45,2026-10-11,IndiGo,N/A,N/A,N/A,True,9774.0
2026-08-27T11:35:40.912952,MAA,DEL,45,2026-10-11,IndiGo,N/A,N/A,N/A,True,9774.0
2026-08-27T11:35:40.912955,MAA,DEL,45,2026-10-11,IndiGo,N/A,N/A,N/A,True,9774.0
2026-08-27T11:35:40.912957,MAA,DEL,45,2026-10-11,IndiGo,N/A,N/A,N/A,True,9774.0
2026-08-27T11:35:40.912960,MAA,DEL,45,2026-10-11,Air India,N/A,N/A,N/A,True,9931.0
2026-08-27T11:35:40.912962,MAA,DEL,45,2026-10-11,Air India,N/A,N/A,N/A,True,10178.0
2026-08-27T11:35:40.912980,MAA,DEL,45,2026-10-11,Air India,N/A,N/A,N/A,True,10178.0
2026-08-27T11:35:40.912990,MAA,DEL,45,2026-10-11,Air India,N/A,N/A,N/A,True,10340.0
2026-08-27T11:35:40.912993,MAA,DEL,45,2026-10-11,Air India,N/A,N/A,N/A,True,10340.0
2026-08-27T11:35:40.912996,MAA,DEL,45,2026-10-11,IndiGo,N/A,N/A,N/A,True,12391.0
2026-08-27T11:35:40.912999,MAA,DEL,45,2026-10-11,Oman Air,N/A,N/A,N/A,True,23788.0
2026-08-27T11:35:40.913056,MAA,DEL,45,2026-10-11,SriLankan,N/A,N/A,N/A,True,34910.0
